building,count,total_kwh,mean_kwh,min_kwh,max_kwh
BuildingA,336,595.61,1.7726488095238095,0.379,2.988
BuildingC,336,583.016,1.7351666666666665,0.0,3.037
BuildingB,336,562.3,1.6735119047619047,0.533,2.942
